{"cameraMode":{"drawMode":0,"name":"Shaded","section":"Shading Mode"},"sceneLighting":false,"audioPlay":false,"sceneViewState":{"m_AlwaysRefresh":false,"showFog":true,"showSkybox":false,"showFlares":true,"showImageEffects":true,"showParticleSystems":true,"showVisualEffectGraphs":true,"m_FxEnabled":true},"in2DMode":false,"pivot":{"x":8.862092971801758,"y":0.8938140869140625,"z":-0.11562973260879517},"rotation":{"x":0.46668800711631777,"y":0.26028332114219668,"z":-0.1458999663591385,"w":0.8325725197792053},"size":1.6566036939620972,"orthographic":false}